-- ==========================================
-- EMPLOYEE PAYROLL MANAGEMENT SYSTEM
-- Oracle SQL Database Seed Data
-- ==========================================

-- Clean existing data first
TRUNCATE TABLE PAYROLL;
TRUNCATE TABLE LEAVES;
TRUNCATE TABLE ATTENDANCE;
-- Remove circular reference momentarily to clean parent tables
UPDATE DEPARTMENTS SET MANAGER_ID = NULL;
DELETE FROM EMPLOYEES;
DELETE FROM DEPARTMENTS;

-- 1. INSERT DEPARTMENTS
INSERT INTO DEPARTMENTS (DEPARTMENT_ID, DEPARTMENT_NAME, LOCATION) VALUES (10, 'Engineering', 'Building A, Room 301');
INSERT INTO DEPARTMENTS (DEPARTMENT_ID, DEPARTMENT_NAME, LOCATION) VALUES (20, 'Human Resources', 'Building B, Room 102');
INSERT INTO DEPARTMENTS (DEPARTMENT_ID, DEPARTMENT_NAME, LOCATION) VALUES (30, 'Finance', 'Building A, Room 405');
INSERT INTO DEPARTMENTS (DEPARTMENT_ID, DEPARTMENT_NAME, LOCATION) VALUES (40, 'Sales & Marketing', 'Building C, Room 201');

-- 2. INSERT EMPLOYEES
-- Engineering (Dept 10)
INSERT INTO EMPLOYEES (EMPLOYEE_ID, FIRST_NAME, LAST_NAME, EMAIL, PHONE_NUMBER, HIRE_DATE, JOB_TITLE, SALARY, DEPARTMENT_ID, STATUS)
VALUES (101, 'Alex', 'Mercer', 'alex.mercer@company.com', '+1-555-0101', TO_DATE('2024-03-15', 'YYYY-MM-DD'), 'Lead Engineer', 8500.00, 10, 'Active');

INSERT INTO EMPLOYEES (EMPLOYEE_ID, FIRST_NAME, LAST_NAME, EMAIL, PHONE_NUMBER, HIRE_DATE, JOB_TITLE, SALARY, DEPARTMENT_ID, STATUS)
VALUES (102, 'Sara', 'Connor', 'sara.connor@company.com', '+1-555-0102', TO_DATE('2024-11-01', 'YYYY-MM-DD'), 'Software Developer', 5800.00, 10, 'Active');

INSERT INTO EMPLOYEES (EMPLOYEE_ID, FIRST_NAME, LAST_NAME, EMAIL, PHONE_NUMBER, HIRE_DATE, JOB_TITLE, SALARY, DEPARTMENT_ID, STATUS)
VALUES (103, 'David', 'Miller', 'david.miller@company.com', '+1-555-0103', TO_DATE('2025-05-10', 'YYYY-MM-DD'), 'QA Specialist', 4500.00, 10, 'Active');

-- HR (Dept 20)
INSERT INTO EMPLOYEES (EMPLOYEE_ID, FIRST_NAME, LAST_NAME, EMAIL, PHONE_NUMBER, HIRE_DATE, JOB_TITLE, SALARY, DEPARTMENT_ID, STATUS)
VALUES (201, 'Elena', 'Gilbert', 'elena.gilbert@company.com', '+1-555-0201', TO_DATE('2023-01-15', 'YYYY-MM-DD'), 'HR Director', 7200.00, 20, 'Active');

-- Finance (Dept 30)
INSERT INTO EMPLOYEES (EMPLOYEE_ID, FIRST_NAME, LAST_NAME, EMAIL, PHONE_NUMBER, HIRE_DATE, JOB_TITLE, SALARY, DEPARTMENT_ID, STATUS)
VALUES (301, 'Frank', 'Abagnale', 'frank.abagnale@company.com', '+1-555-0301', TO_DATE('2022-09-01', 'YYYY-MM-DD'), 'Senior Accountant', 6500.00, 30, 'Active');

-- Sales (Dept 40)
INSERT INTO EMPLOYEES (EMPLOYEE_ID, FIRST_NAME, LAST_NAME, EMAIL, PHONE_NUMBER, HIRE_DATE, JOB_TITLE, SALARY, DEPARTMENT_ID, STATUS)
VALUES (401, 'Gordon', 'Gekko', 'gordon.gekko@company.com', '+1-555-0401', TO_DATE('2021-06-15', 'YYYY-MM-DD'), 'Sales VP', 9500.00, 40, 'Active');

-- 3. ASSIGN MANAGERS TO DEPARTMENTS
UPDATE DEPARTMENTS SET MANAGER_ID = 101 WHERE DEPARTMENT_ID = 10;
UPDATE DEPARTMENTS SET MANAGER_ID = 201 WHERE DEPARTMENT_ID = 20;
UPDATE DEPARTMENTS SET MANAGER_ID = 301 WHERE DEPARTMENT_ID = 30;
UPDATE DEPARTMENTS SET MANAGER_ID = 401 WHERE DEPARTMENT_ID = 40;

-- 4. INSERT LEAVES
-- Elena Gilbert (HR Director) had a Casual Leave in early June
INSERT INTO LEAVES (LEAVE_ID, EMPLOYEE_ID, LEAVE_TYPE, START_DATE, END_DATE, STATUS, REASON)
VALUES (1001, 201, 'Casual', TO_DATE('2026-06-02', 'YYYY-MM-DD'), TO_DATE('2026-06-03', 'YYYY-MM-DD'), 'Approved', 'Family function');

-- Alex Mercer (Lead Engineer) had a Sick Leave
INSERT INTO LEAVES (LEAVE_ID, EMPLOYEE_ID, LEAVE_TYPE, START_DATE, END_DATE, STATUS, REASON)
VALUES (1002, 101, 'Sick', TO_DATE('2026-06-10', 'YYYY-MM-DD'), TO_DATE('2026-06-11', 'YYYY-MM-DD'), 'Approved', 'Medical checkup');

-- David Miller (QA Specialist) took an Unpaid Leave (for testing deductions)
INSERT INTO LEAVES (LEAVE_ID, EMPLOYEE_ID, LEAVE_TYPE, START_DATE, END_DATE, STATUS, REASON)
VALUES (1003, 103, 'Unpaid', TO_DATE('2026-06-15', 'YYYY-MM-DD'), TO_DATE('2026-06-16', 'YYYY-MM-DD'), 'Approved', 'Personal business');

-- Pending leave request from Sara Connor
INSERT INTO LEAVES (LEAVE_ID, EMPLOYEE_ID, LEAVE_TYPE, START_DATE, END_DATE, STATUS, REASON)
VALUES (1004, 102, 'Annual', TO_DATE('2026-06-25', 'YYYY-MM-DD'), TO_DATE('2026-06-30', 'YYYY-MM-DD'), 'Pending', 'Summer trip');

-- 5. INSERT ATTENDANCE (June 2026 logs)
-- Note: PL/SQL Trigger determines 'Late', 'Half-Day' or 'Present' if check-in is set.
-- Here we simulate the final evaluated status.
-- June 1st (Monday)
INSERT INTO ATTENDANCE (ATTENDANCE_ID, EMPLOYEE_ID, WORK_DATE, CHECK_IN, CHECK_OUT, STATUS)
VALUES (2001, 101, TO_DATE('2026-06-01', 'YYYY-MM-DD'), TO_TIMESTAMP('2026-06-01 08:55:00', 'YYYY-MM-DD HH24:MI:SS'), TO_TIMESTAMP('2026-06-01 17:30:00', 'YYYY-MM-DD HH24:MI:SS'), 'Present');
INSERT INTO ATTENDANCE (ATTENDANCE_ID, EMPLOYEE_ID, WORK_DATE, CHECK_IN, CHECK_OUT, STATUS)
VALUES (2002, 102, TO_DATE('2026-06-01', 'YYYY-MM-DD'), TO_TIMESTAMP('2026-06-01 09:05:00', 'YYYY-MM-DD HH24:MI:SS'), TO_TIMESTAMP('2026-06-01 17:00:00', 'YYYY-MM-DD HH24:MI:SS'), 'Present');
INSERT INTO ATTENDANCE (ATTENDANCE_ID, EMPLOYEE_ID, WORK_DATE, CHECK_IN, CHECK_OUT, STATUS)
VALUES (2003, 103, TO_DATE('2026-06-01', 'YYYY-MM-DD'), TO_TIMESTAMP('2026-06-01 09:35:00', 'YYYY-MM-DD HH24:MI:SS'), TO_TIMESTAMP('2026-06-01 18:00:00', 'YYYY-MM-DD HH24:MI:SS'), 'Late');
INSERT INTO ATTENDANCE (ATTENDANCE_ID, EMPLOYEE_ID, WORK_DATE, CHECK_IN, CHECK_OUT, STATUS)
VALUES (2004, 201, TO_DATE('2026-06-01', 'YYYY-MM-DD'), TO_TIMESTAMP('2026-06-01 08:45:00', 'YYYY-MM-DD HH24:MI:SS'), TO_TIMESTAMP('2026-06-01 17:00:00', 'YYYY-MM-DD HH24:MI:SS'), 'Present');
INSERT INTO ATTENDANCE (ATTENDANCE_ID, EMPLOYEE_ID, WORK_DATE, CHECK_IN, CHECK_OUT, STATUS)
VALUES (2005, 301, TO_DATE('2026-06-01', 'YYYY-MM-DD'), TO_TIMESTAMP('2026-06-01 09:10:00', 'YYYY-MM-DD HH24:MI:SS'), TO_TIMESTAMP('2026-06-01 18:05:00', 'YYYY-MM-DD HH24:MI:SS'), 'Present');
INSERT INTO ATTENDANCE (ATTENDANCE_ID, EMPLOYEE_ID, WORK_DATE, CHECK_IN, CHECK_OUT, STATUS)
VALUES (2006, 401, TO_DATE('2026-06-01', 'YYYY-MM-DD'), TO_TIMESTAMP('2026-06-01 09:40:00', 'YYYY-MM-DD HH24:MI:SS'), TO_TIMESTAMP('2026-06-01 17:15:00', 'YYYY-MM-DD HH24:MI:SS'), 'Late');

-- June 2nd (Tuesday) - Elena is on Leave, Gordon is late, others present
INSERT INTO ATTENDANCE (ATTENDANCE_ID, EMPLOYEE_ID, WORK_DATE, CHECK_IN, CHECK_OUT, STATUS)
VALUES (2007, 101, TO_DATE('2026-06-02', 'YYYY-MM-DD'), TO_TIMESTAMP('2026-06-02 08:50:00', 'YYYY-MM-DD HH24:MI:SS'), TO_TIMESTAMP('2026-06-02 18:00:00', 'YYYY-MM-DD HH24:MI:SS'), 'Present');
INSERT INTO ATTENDANCE (ATTENDANCE_ID, EMPLOYEE_ID, WORK_DATE, CHECK_IN, CHECK_OUT, STATUS)
VALUES (2008, 102, TO_DATE('2026-06-02', 'YYYY-MM-DD'), TO_TIMESTAMP('2026-06-02 09:00:00', 'YYYY-MM-DD HH24:MI:SS'), TO_TIMESTAMP('2026-06-02 17:00:00', 'YYYY-MM-DD HH24:MI:SS'), 'Present');
INSERT INTO ATTENDANCE (ATTENDANCE_ID, EMPLOYEE_ID, WORK_DATE, CHECK_IN, CHECK_OUT, STATUS)
VALUES (2009, 103, TO_DATE('2026-06-02', 'YYYY-MM-DD'), TO_TIMESTAMP('2026-06-02 08:58:00', 'YYYY-MM-DD HH24:MI:SS'), TO_TIMESTAMP('2026-06-02 17:30:00', 'YYYY-MM-DD HH24:MI:SS'), 'Present');
INSERT INTO ATTENDANCE (ATTENDANCE_ID, EMPLOYEE_ID, WORK_DATE, CHECK_IN, CHECK_OUT, STATUS)
VALUES (2010, 201, TO_DATE('2026-06-02', 'YYYY-MM-DD'), NULL, NULL, 'On Leave');
INSERT INTO ATTENDANCE (ATTENDANCE_ID, EMPLOYEE_ID, WORK_DATE, CHECK_IN, CHECK_OUT, STATUS)
VALUES (2011, 301, TO_DATE('2026-06-02', 'YYYY-MM-DD'), TO_TIMESTAMP('2026-06-02 08:45:00', 'YYYY-MM-DD HH24:MI:SS'), TO_TIMESTAMP('2026-06-02 17:30:00', 'YYYY-MM-DD HH24:MI:SS'), 'Present');
INSERT INTO ATTENDANCE (ATTENDANCE_ID, EMPLOYEE_ID, WORK_DATE, CHECK_IN, CHECK_OUT, STATUS)
VALUES (2012, 401, TO_DATE('2026-06-02', 'YYYY-MM-DD'), TO_TIMESTAMP('2026-06-02 09:55:00', 'YYYY-MM-DD HH24:MI:SS'), TO_TIMESTAMP('2026-06-02 17:00:00', 'YYYY-MM-DD HH24:MI:SS'), 'Late');

-- June 3rd (Wednesday) - David is late, Alex is present, Sara is late
INSERT INTO ATTENDANCE (ATTENDANCE_ID, EMPLOYEE_ID, WORK_DATE, CHECK_IN, CHECK_OUT, STATUS)
VALUES (2013, 101, TO_DATE('2026-06-03', 'YYYY-MM-DD'), TO_TIMESTAMP('2026-06-03 08:52:00', 'YYYY-MM-DD HH24:MI:SS'), TO_TIMESTAMP('2026-06-03 17:40:00', 'YYYY-MM-DD HH24:MI:SS'), 'Present');
INSERT INTO ATTENDANCE (ATTENDANCE_ID, EMPLOYEE_ID, WORK_DATE, CHECK_IN, CHECK_OUT, STATUS)
VALUES (2014, 102, TO_DATE('2026-06-03', 'YYYY-MM-DD'), TO_TIMESTAMP('2026-06-03 09:22:00', 'YYYY-MM-DD HH24:MI:SS'), TO_TIMESTAMP('2026-06-03 17:00:00', 'YYYY-MM-DD HH24:MI:SS'), 'Late');
INSERT INTO ATTENDANCE (ATTENDANCE_ID, EMPLOYEE_ID, WORK_DATE, CHECK_IN, CHECK_OUT, STATUS)
VALUES (2015, 103, TO_DATE('2026-06-03', 'YYYY-MM-DD'), TO_TIMESTAMP('2026-06-03 10:15:00', 'YYYY-MM-DD HH24:MI:SS'), TO_TIMESTAMP('2026-06-03 17:00:00', 'YYYY-MM-DD HH24:MI:SS'), 'Late');
INSERT INTO ATTENDANCE (ATTENDANCE_ID, EMPLOYEE_ID, WORK_DATE, CHECK_IN, CHECK_OUT, STATUS)
VALUES (2016, 201, TO_DATE('2026-06-03', 'YYYY-MM-DD'), NULL, NULL, 'On Leave');
INSERT INTO ATTENDANCE (ATTENDANCE_ID, EMPLOYEE_ID, WORK_DATE, CHECK_IN, CHECK_OUT, STATUS)
VALUES (2017, 301, TO_DATE('2026-06-03', 'YYYY-MM-DD'), TO_TIMESTAMP('2026-06-03 08:50:00', 'YYYY-MM-DD HH24:MI:SS'), TO_TIMESTAMP('2026-06-03 17:30:00', 'YYYY-MM-DD HH24:MI:SS'), 'Present');
INSERT INTO ATTENDANCE (ATTENDANCE_ID, EMPLOYEE_ID, WORK_DATE, CHECK_IN, CHECK_OUT, STATUS)
VALUES (2018, 401, TO_DATE('2026-06-03', 'YYYY-MM-DD'), TO_TIMESTAMP('2026-06-03 09:02:00', 'YYYY-MM-DD HH24:MI:SS'), TO_TIMESTAMP('2026-06-03 18:00:00', 'YYYY-MM-DD HH24:MI:SS'), 'Present');

-- June 4th (Thursday) - David is late (that's his 3rd late day in 3 days!), Gordon is absent
INSERT INTO ATTENDANCE (ATTENDANCE_ID, EMPLOYEE_ID, WORK_DATE, CHECK_IN, CHECK_OUT, STATUS)
VALUES (2019, 101, TO_DATE('2026-06-04', 'YYYY-MM-DD'), TO_TIMESTAMP('2026-06-04 08:56:00', 'YYYY-MM-DD HH24:MI:SS'), TO_TIMESTAMP('2026-06-04 17:35:00', 'YYYY-MM-DD HH24:MI:SS'), 'Present');
INSERT INTO ATTENDANCE (ATTENDANCE_ID, EMPLOYEE_ID, WORK_DATE, CHECK_IN, CHECK_OUT, STATUS)
VALUES (2020, 102, TO_DATE('2026-06-04', 'YYYY-MM-DD'), TO_TIMESTAMP('2026-06-04 08:58:00', 'YYYY-MM-DD HH24:MI:SS'), TO_TIMESTAMP('2026-06-04 17:00:00', 'YYYY-MM-DD HH24:MI:SS'), 'Present');
INSERT INTO ATTENDANCE (ATTENDANCE_ID, EMPLOYEE_ID, WORK_DATE, CHECK_IN, CHECK_OUT, STATUS)
VALUES (2021, 103, TO_DATE('2026-06-04', 'YYYY-MM-DD'), TO_TIMESTAMP('2026-06-04 09:28:00', 'YYYY-MM-DD HH24:MI:SS'), TO_TIMESTAMP('2026-06-04 17:30:00', 'YYYY-MM-DD HH24:MI:SS'), 'Late');
INSERT INTO ATTENDANCE (ATTENDANCE_ID, EMPLOYEE_ID, WORK_DATE, CHECK_IN, CHECK_OUT, STATUS)
VALUES (2022, 201, TO_DATE('2026-06-04', 'YYYY-MM-DD'), TO_TIMESTAMP('2026-06-04 09:05:00', 'YYYY-MM-DD HH24:MI:SS'), TO_TIMESTAMP('2026-06-04 17:00:00', 'YYYY-MM-DD HH24:MI:SS'), 'Present');
INSERT INTO ATTENDANCE (ATTENDANCE_ID, EMPLOYEE_ID, WORK_DATE, CHECK_IN, CHECK_OUT, STATUS)
VALUES (2023, 301, TO_DATE('2026-06-04', 'YYYY-MM-DD'), TO_TIMESTAMP('2026-06-04 09:00:00', 'YYYY-MM-DD HH24:MI:SS'), TO_TIMESTAMP('2026-06-04 17:30:00', 'YYYY-MM-DD HH24:MI:SS'), 'Present');
INSERT INTO ATTENDANCE (ATTENDANCE_ID, EMPLOYEE_ID, WORK_DATE, CHECK_IN, CHECK_OUT, STATUS)
VALUES (2024, 401, TO_DATE('2026-06-04', 'YYYY-MM-DD'), NULL, NULL, 'Absent');

-- June 5th (Friday) - David is late (4th late day! Should trigger deductions), Alex is present, Gordon is late (3rd late day)
INSERT INTO ATTENDANCE (ATTENDANCE_ID, EMPLOYEE_ID, WORK_DATE, CHECK_IN, CHECK_OUT, STATUS)
VALUES (2025, 101, TO_DATE('2026-06-05', 'YYYY-MM-DD'), TO_TIMESTAMP('2026-06-05 08:44:00', 'YYYY-MM-DD HH24:MI:SS'), TO_TIMESTAMP('2026-06-05 17:30:00', 'YYYY-MM-DD HH24:MI:SS'), 'Present');
INSERT INTO ATTENDANCE (ATTENDANCE_ID, EMPLOYEE_ID, WORK_DATE, CHECK_IN, CHECK_OUT, STATUS)
VALUES (2026, 102, TO_DATE('2026-06-05', 'YYYY-MM-DD'), TO_TIMESTAMP('2026-06-05 08:55:00', 'YYYY-MM-DD HH24:MI:SS'), TO_TIMESTAMP('2026-06-05 17:00:00', 'YYYY-MM-DD HH24:MI:SS'), 'Present');
INSERT INTO ATTENDANCE (ATTENDANCE_ID, EMPLOYEE_ID, WORK_DATE, CHECK_IN, CHECK_OUT, STATUS)
VALUES (2027, 103, TO_DATE('2026-06-05', 'YYYY-MM-DD'), TO_TIMESTAMP('2026-06-05 09:20:00', 'YYYY-MM-DD HH24:MI:SS'), TO_TIMESTAMP('2026-06-05 17:30:00', 'YYYY-MM-DD HH24:MI:SS'), 'Late');
INSERT INTO ATTENDANCE (ATTENDANCE_ID, EMPLOYEE_ID, WORK_DATE, CHECK_IN, CHECK_OUT, STATUS)
VALUES (2028, 201, TO_DATE('2026-06-05', 'YYYY-MM-DD'), TO_TIMESTAMP('2026-06-05 08:50:00', 'YYYY-MM-DD HH24:MI:SS'), TO_TIMESTAMP('2026-06-05 17:00:00', 'YYYY-MM-DD HH24:MI:SS'), 'Present');
INSERT INTO ATTENDANCE (ATTENDANCE_ID, EMPLOYEE_ID, WORK_DATE, CHECK_IN, CHECK_OUT, STATUS)
VALUES (2029, 301, TO_DATE('2026-06-05', 'YYYY-MM-DD'), TO_TIMESTAMP('2026-06-05 08:58:00', 'YYYY-MM-DD HH24:MI:SS'), TO_TIMESTAMP('2026-06-05 17:30:00', 'YYYY-MM-DD HH24:MI:SS'), 'Present');
INSERT INTO ATTENDANCE (ATTENDANCE_ID, EMPLOYEE_ID, WORK_DATE, CHECK_IN, CHECK_OUT, STATUS)
VALUES (2030, 401, TO_DATE('2026-06-05', 'YYYY-MM-DD'), TO_TIMESTAMP('2026-06-05 09:38:00', 'YYYY-MM-DD HH24:MI:SS'), TO_TIMESTAMP('2026-06-05 17:00:00', 'YYYY-MM-DD HH24:MI:SS'), 'Late');

-- 6. DRAFT/PAID PAYROLL STATEMENTS FOR PREVIOUS MONTH (May 2026)
INSERT INTO PAYROLL (PAYROLL_ID, EMPLOYEE_ID, PAY_PERIOD_START, PAY_PERIOD_END, BASIC_SALARY, ALLOWANCES, DEDUCTIONS, TAX, NET_SALARY, PAYMENT_DATE, STATUS)
VALUES (5001, 101, TO_DATE('2026-05-01', 'YYYY-MM-DD'), TO_DATE('2026-05-31', 'YYYY-MM-DD'), 8500.00, 1275.00, 0.00, 1505.00, 8270.00, TO_DATE('2026-05-31', 'YYYY-MM-DD'), 'Paid');

INSERT INTO PAYROLL (PAYROLL_ID, EMPLOYEE_ID, PAY_PERIOD_START, PAY_PERIOD_END, BASIC_SALARY, ALLOWANCES, DEDUCTIONS, TAX, NET_SALARY, PAYMENT_DATE, STATUS)
VALUES (5002, 102, TO_DATE('2026-05-01', 'YYYY-MM-DD'), TO_DATE('2026-05-31', 'YYYY-MM-DD'), 5800.00, 870.00, 0.00, 667.00, 6003.00, TO_DATE('2026-05-31', 'YYYY-MM-DD'), 'Paid');

INSERT INTO PAYROLL (PAYROLL_ID, EMPLOYEE_ID, PAY_PERIOD_START, PAY_PERIOD_END, BASIC_SALARY, ALLOWANCES, DEDUCTIONS, TAX, NET_SALARY, PAYMENT_DATE, STATUS)
VALUES (5003, 201, TO_DATE('2026-05-01', 'YYYY-MM-DD'), TO_DATE('2026-05-31', 'YYYY-MM-DD'), 7200.00, 1080.00, 0.00, 1116.00, 7164.00, TO_DATE('2026-05-31', 'YYYY-MM-DD'), 'Paid');

COMMIT;
